﻿<parameters>
  <parameter name="IIS Web Application Name" defaultValue="WMB" tags="IisApp">
    <parameterEntry kind="ProviderPath" scope="IisApp" match="^C:\\Users\\joao\\Documents\\Visual\ Studio\ 2013\\Projects\\Repo\\Server\\TemporaryCoffin\\TemporaryCoffin\\obj\\Release\\Package\\PackageTmp$" />
    <parameterEntry kind="ProviderPath" scope="setAcl" match="^C:\\Users\\joao\\Documents\\Visual\ Studio\ 2013\\Projects\\Repo\\Server\\TemporaryCoffin\\TemporaryCoffin\\obj\\Release\\Package\\PackageTmp$" />
  </parameter>
  <parameter name="Dbconnection-Web.config Connection String" defaultValue="Data Source=URIEL\SQLEXPRESS;Initial Catalog=WMBDB;Trusted_Connection=True; MultipleActiveResultSets=True">
    <parameterEntry kind="XmlFile" scope="C:\\Users\\joao\\Documents\\Visual\ Studio\ 2013\\Projects\\Repo\\Server\\TemporaryCoffin\\TemporaryCoffin\\obj\\Release\\Package\\PackageTmp\\Web\.config$" match="/configuration/connectionStrings/add[@name='Dbconnection']/@connectionString" />
  </parameter>
  <parameter name="TemporaryCoffin.Models.DbModel.TemporaryCoffinModel-Web.config Connection String" defaultValue="TemporaryCoffin.Models.DbModel.TemporaryCoffinModel_ConnectionString">
    <parameterEntry kind="XmlFile" scope="C:\\Users\\joao\\Documents\\Visual\ Studio\ 2013\\Projects\\Repo\\Server\\TemporaryCoffin\\TemporaryCoffin\\obj\\Release\\Package\\PackageTmp\\Web\.config$" match="/configuration/connectionStrings/add[@name='TemporaryCoffin.Models.DbModel.TemporaryCoffinModel']/@connectionString" />
  </parameter>
</parameters>